hawaii8km_09_05_01,1,121
hawaii8km_09_05_02,2,122
hawaii8km_09_05_03,3,123
hawaii8km_09_05_04,4,124
hawaii8km_09_05_05,5,125
hawaii8km_09_05_06,6,126
hawaii8km_09_05_07,7,127
hawaii8km_09_05_08,8,128
hawaii8km_09_05_09,9,129
hawaii8km_09_05_10,10,130
hawaii8km_09_05_11,11,131
hawaii8km_09_05_12,12,132
hawaii8km_09_05_13,13,133
hawaii8km_09_05_14,14,134
hawaii8km_09_05_15,15,135
hawaii8km_09_05_16,16,136
hawaii8km_09_05_17,17,137
hawaii8km_09_05_18,18,138
hawaii8km_09_05_19,19,139
hawaii8km_09_05_20,20,140
hawaii8km_09_05_21,21,141
hawaii8km_09_05_22,22,142
hawaii8km_09_05_23,23,143
hawaii8km_09_05_24,24,144
hawaii8km_09_05_25,25,145
hawaii8km_09_05_26,26,146
hawaii8km_09_05_27,27,147
hawaii8km_09_05_28,28,148
hawaii8km_09_05_29,29,149
hawaii8km_09_05_30,30,150
hawaii8km_09_05_31,31,151
hawaii8km_09_06_01,32,152
hawaii8km_09_06_02,33,153
hawaii8km_09_06_03,34,154
hawaii8km_09_06_04,35,155
hawaii8km_09_06_05,36,156
hawaii8km_09_06_06,37,157
hawaii8km_09_06_07,38,158
hawaii8km_09_06_08,39,159
hawaii8km_09_06_09,40,160
hawaii8km_09_06_10,41,161
hawaii8km_09_06_11,42,162
hawaii8km_09_06_12,43,163
hawaii8km_09_06_13,44,164
hawaii8km_09_06_14,45,165
hawaii8km_09_06_15,46,166
hawaii8km_09_06_16,47,167
hawaii8km_09_06_17,48,168
hawaii8km_09_06_18,49,169
hawaii8km_09_06_19,50,170
hawaii8km_09_06_20,51,171
hawaii8km_09_06_21,52,172
hawaii8km_09_06_22,53,173
hawaii8km_09_06_23,54,174
hawaii8km_09_06_24,55,175
hawaii8km_09_06_25,56,176
hawaii8km_09_06_26,57,177
hawaii8km_09_06_27,58,178
hawaii8km_09_06_28,59,179
hawaii8km_09_06_29,60,180
hawaii8km_09_06_30,61,181
hawaii8km_09_07_01,62,182
hawaii8km_09_07_02,63,183
hawaii8km_09_07_03,64,184
hawaii8km_09_07_04,65,185
hawaii8km_09_07_05,66,186
hawaii8km_09_07_06,67,187
hawaii8km_09_07_07,68,188
hawaii8km_09_07_08,69,189
hawaii8km_09_07_09,70,190
hawaii8km_09_07_10,71,191
hawaii8km_09_07_11,72,192
hawaii8km_09_07_12,73,193
hawaii8km_09_07_13,74,194
hawaii8km_09_07_14,75,195
hawaii8km_09_07_15,76,196
hawaii8km_09_07_16,77,197
hawaii8km_09_07_17,78,198
hawaii8km_09_07_18,79,199
hawaii8km_09_07_19,80,200
hawaii8km_09_07_20,81,201
hawaii8km_09_07_21,82,202
hawaii8km_09_07_22,83,203
hawaii8km_09_07_23,84,204
hawaii8km_09_07_24,85,205
hawaii8km_09_07_25,86,206
hawaii8km_09_07_26,87,207
hawaii8km_09_07_27,88,208
hawaii8km_09_07_28,89,209
hawaii8km_09_07_29,90,210
hawaii8km_09_07_30,91,211
hawaii8km_09_07_31,92,212
hawaii8km_09_08_01,93,213
hawaii8km_09_08_02,94,214
hawaii8km_09_08_03,95,215
hawaii8km_09_08_04,96,216
hawaii8km_09_08_05,97,217
hawaii8km_09_08_06,98,218
hawaii8km_09_08_07,99,219
hawaii8km_09_08_08,100,220
hawaii8km_09_08_09,101,221
hawaii8km_09_08_10,102,222
hawaii8km_09_08_11,103,223
hawaii8km_09_08_12,104,224
hawaii8km_09_08_13,105,225
hawaii8km_09_08_14,106,226
hawaii8km_09_08_15,107,227
hawaii8km_09_08_16,108,228
hawaii8km_09_08_17,109,229
hawaii8km_09_08_18,110,230
hawaii8km_09_08_19,111,231
hawaii8km_09_08_20,112,232
hawaii8km_09_08_21,113,233
hawaii8km_09_08_22,114,234
hawaii8km_09_08_23,115,235
hawaii8km_09_08_24,116,236
hawaii8km_09_08_25,117,237
hawaii8km_09_08_26,118,238
hawaii8km_09_08_27,119,239
hawaii8km_09_08_28,120,240
hawaii8km_09_08_29,121,241
hawaii8km_09_08_30,122,242
hawaii8km_09_08_31,123,243
hawaii8km_09_09_01,124,244
hawaii8km_09_09_02,125,245
hawaii8km_09_09_03,126,246
hawaii8km_09_09_04,127,247
hawaii8km_09_09_05,128,248
hawaii8km_09_09_06,129,249
hawaii8km_09_09_07,130,250
hawaii8km_09_09_08,131,251
hawaii8km_09_09_09,132,252
hawaii8km_09_09_10,133,253
hawaii8km_09_09_11,134,254
hawaii8km_09_09_12,135,255
hawaii8km_09_09_13,136,256
hawaii8km_09_09_14,137,257
hawaii8km_09_09_15,138,258
hawaii8km_09_09_16,139,259
hawaii8km_09_09_17,140,260
hawaii8km_09_09_18,141,261
hawaii8km_09_09_19,142,262
hawaii8km_09_09_20,143,263
hawaii8km_09_09_21,144,264
hawaii8km_09_09_22,145,265
hawaii8km_09_09_23,146,266
hawaii8km_09_09_24,147,267
hawaii8km_09_09_25,148,268
hawaii8km_09_09_26,149,269
hawaii8km_09_09_27,150,270
hawaii8km_09_09_28,151,271
hawaii8km_09_09_29,152,272
hawaii8km_09_09_30,153,273
hawaii8km_09_10_01,154,274
hawaii8km_09_10_02,155,275
hawaii8km_09_10_03,156,276
hawaii8km_09_10_04,157,277
hawaii8km_09_10_05,158,278
hawaii8km_09_10_06,159,279
hawaii8km_09_10_07,160,280
hawaii8km_09_10_08,161,281
hawaii8km_09_10_09,162,282
hawaii8km_09_10_10,163,283
hawaii8km_09_10_11,164,284
hawaii8km_09_10_12,165,285
hawaii8km_09_10_13,166,286
hawaii8km_09_10_14,167,287
hawaii8km_09_10_15,168,288
hawaii8km_09_10_16,169,289
hawaii8km_09_10_17,170,290
hawaii8km_09_10_18,171,291
hawaii8km_09_10_19,172,292
hawaii8km_09_10_20,173,293
hawaii8km_09_10_21,174,294
hawaii8km_09_10_22,175,295
hawaii8km_09_10_23,176,296
hawaii8km_09_10_24,177,297
hawaii8km_09_10_25,178,298
hawaii8km_09_10_26,179,299
hawaii8km_09_10_27,180,300
hawaii8km_09_10_28,181,301
hawaii8km_09_10_29,182,302
hawaii8km_09_10_30,183,303
hawaii8km_09_10_31,184,304
hawaii8km_09_11_01,185,305
hawaii8km_09_11_02,186,306
hawaii8km_09_11_03,187,307
hawaii8km_09_11_04,188,308
hawaii8km_09_11_05,189,309
hawaii8km_09_11_06,190,310
hawaii8km_09_11_07,191,311
hawaii8km_09_11_08,192,312
hawaii8km_09_11_09,193,313
hawaii8km_09_11_10,194,314
hawaii8km_09_11_11,195,315
hawaii8km_09_11_12,196,316
hawaii8km_09_11_13,197,317
hawaii8km_09_11_14,198,318
hawaii8km_09_11_15,199,319
hawaii8km_09_11_16,200,320
hawaii8km_09_11_17,201,321
hawaii8km_09_11_18,202,322
hawaii8km_09_11_19,203,323
hawaii8km_09_11_20,204,324
hawaii8km_09_11_21,205,325
hawaii8km_09_11_22,206,326
hawaii8km_09_11_23,207,327
hawaii8km_09_11_24,208,328
hawaii8km_09_11_25,209,329
hawaii8km_09_11_26,210,330
hawaii8km_09_11_27,211,331
hawaii8km_09_11_28,212,332
hawaii8km_09_11_29,213,333
hawaii8km_09_11_30,214,334
hawaii8km_09_12_01,215,335
hawaii8km_09_12_02,216,336
hawaii8km_09_12_03,217,337
hawaii8km_09_12_04,218,338
hawaii8km_09_12_05,219,339
hawaii8km_09_12_06,220,340
hawaii8km_09_12_07,221,341
hawaii8km_09_12_08,222,342
hawaii8km_09_12_09,223,343
hawaii8km_09_12_10,224,344
hawaii8km_09_12_11,225,345
hawaii8km_09_12_12,226,346
hawaii8km_09_12_13,227,347
hawaii8km_09_12_14,228,348
hawaii8km_09_12_15,229,349
hawaii8km_09_12_16,230,350
hawaii8km_09_12_17,231,351
hawaii8km_09_12_18,232,352
hawaii8km_09_12_19,233,353
hawaii8km_09_12_20,234,354
hawaii8km_09_12_21,235,355
hawaii8km_09_12_22,236,356
hawaii8km_09_12_23,237,357
hawaii8km_09_12_24,238,358
hawaii8km_09_12_25,239,359
hawaii8km_09_12_26,240,360
hawaii8km_09_12_27,241,361
hawaii8km_09_12_28,242,362
hawaii8km_09_12_29,243,363
hawaii8km_09_12_30,244,364
hawaii8km_09_12_31,245,365
hawaii8km_10_01_01,246,366
hawaii8km_10_01_02,247,367
hawaii8km_10_01_03,248,368
hawaii8km_10_01_04,249,369
hawaii8km_10_01_05,250,370
hawaii8km_10_01_06,251,371
hawaii8km_10_01_07,252,372
hawaii8km_10_01_08,253,373
hawaii8km_10_01_09,254,374
hawaii8km_10_01_10,255,375
hawaii8km_10_01_11,256,376
hawaii8km_10_01_12,257,377
hawaii8km_10_01_13,258,378
hawaii8km_10_01_14,259,379
hawaii8km_10_01_15,260,380
hawaii8km_10_01_16,261,381
hawaii8km_10_01_17,262,382
hawaii8km_10_01_18,263,383
hawaii8km_10_01_19,264,384
hawaii8km_10_01_20,265,385
hawaii8km_10_01_21,266,386
hawaii8km_10_01_22,267,387
hawaii8km_10_01_23,268,388
hawaii8km_10_01_24,269,389
hawaii8km_10_01_25,270,390
hawaii8km_10_01_26,271,391
hawaii8km_10_01_27,272,392
hawaii8km_10_01_28,273,393
hawaii8km_10_01_29,274,394
hawaii8km_10_01_30,275,395
hawaii8km_10_01_31,276,396
hawaii8km_10_02_01,277,397
hawaii8km_10_02_02,278,398
hawaii8km_10_02_03,279,399
hawaii8km_10_02_04,280,400
hawaii8km_10_02_05,281,401
hawaii8km_10_02_06,282,402
hawaii8km_10_02_07,283,403
hawaii8km_10_02_08,284,404
hawaii8km_10_02_09,285,405
hawaii8km_10_02_10,286,406
hawaii8km_10_02_11,287,407
hawaii8km_10_02_12,288,408
hawaii8km_10_02_13,289,409
hawaii8km_10_02_14,290,410
hawaii8km_10_02_15,291,411
hawaii8km_10_02_16,292,412
hawaii8km_10_02_17,293,413
hawaii8km_10_02_18,294,414
hawaii8km_10_02_19,295,415
hawaii8km_10_02_20,296,416
hawaii8km_10_02_21,297,417
hawaii8km_10_02_22,298,418
hawaii8km_10_02_23,299,419
hawaii8km_10_02_24,300,420
hawaii8km_10_02_25,301,421
hawaii8km_10_02_26,302,422
hawaii8km_10_02_27,303,423
hawaii8km_10_02_28,304,424
hawaii8km_10_03_01,305,425
hawaii8km_10_03_02,306,426
hawaii8km_10_03_03,307,427
hawaii8km_10_03_04,308,428
hawaii8km_10_03_05,309,429
hawaii8km_10_03_06,310,430
hawaii8km_10_03_07,311,431
hawaii8km_10_03_08,312,432
hawaii8km_10_03_09,313,433
hawaii8km_10_03_10,314,434
hawaii8km_10_03_11,315,435
hawaii8km_10_03_12,316,436
hawaii8km_10_03_13,317,437
hawaii8km_10_03_14,318,438
hawaii8km_10_03_15,319,439
hawaii8km_10_03_16,320,440
hawaii8km_10_03_17,321,441
hawaii8km_10_03_18,322,442
hawaii8km_10_03_19,323,443
hawaii8km_10_03_20,324,444
hawaii8km_10_03_21,325,445
hawaii8km_10_03_22,326,446
hawaii8km_10_03_23,327,447
hawaii8km_10_03_24,328,448
hawaii8km_10_03_25,329,449
hawaii8km_10_03_26,330,450
hawaii8km_10_03_27,331,451
hawaii8km_10_03_28,332,452
hawaii8km_10_03_29,333,453
hawaii8km_10_03_30,334,454
hawaii8km_10_03_31,335,455
hawaii8km_10_04_01,336,456
hawaii8km_10_04_02,337,457
hawaii8km_10_04_03,338,458
hawaii8km_10_04_04,339,459
hawaii8km_10_04_05,340,460
hawaii8km_10_04_06,341,461
hawaii8km_10_04_07,342,462
hawaii8km_10_04_08,343,463
hawaii8km_10_04_09,344,464
hawaii8km_10_04_10,345,465
hawaii8km_10_04_11,346,466
hawaii8km_10_04_12,347,467
hawaii8km_10_04_13,348,468
hawaii8km_10_04_14,349,469
hawaii8km_10_04_15,350,470
hawaii8km_10_04_16,351,471
hawaii8km_10_04_17,352,472
hawaii8km_10_04_18,353,473
hawaii8km_10_04_19,354,474
hawaii8km_10_04_20,355,475
hawaii8km_10_04_21,356,476
hawaii8km_10_04_22,357,477
hawaii8km_10_04_23,358,478
hawaii8km_10_04_24,359,479
hawaii8km_10_04_25,360,480
hawaii8km_10_04_26,361,481
hawaii8km_10_04_27,362,482
hawaii8km_10_04_28,363,483
hawaii8km_10_04_29,364,484
hawaii8km_10_04_30,365,485
hawaii8km_10_05_01,366,486
hawaii8km_10_05_02,367,487
hawaii8km_10_05_03,368,488
hawaii8km_10_05_04,369,489
hawaii8km_10_05_05,370,490
hawaii8km_10_05_06,371,491
hawaii8km_10_05_07,372,492
hawaii8km_10_05_08,373,493
hawaii8km_10_05_09,374,494
hawaii8km_10_05_10,375,495
hawaii8km_10_05_11,376,496
hawaii8km_10_05_12,377,497
hawaii8km_10_05_13,378,498
hawaii8km_10_05_14,379,499
hawaii8km_10_05_15,380,500
hawaii8km_10_05_16,381,501
hawaii8km_10_05_17,382,502
hawaii8km_10_05_18,383,503
hawaii8km_10_05_19,384,504
hawaii8km_10_05_20,385,505
hawaii8km_10_05_21,386,506
hawaii8km_10_05_22,387,507
hawaii8km_10_05_23,388,508
hawaii8km_10_05_24,389,509
hawaii8km_10_05_25,390,510
hawaii8km_10_05_26,391,511
hawaii8km_10_05_27,392,512
hawaii8km_10_05_28,393,513
hawaii8km_10_05_29,394,514
hawaii8km_10_05_30,395,515
hawaii8km_10_05_31,396,516
hawaii8km_10_06_01,397,517
hawaii8km_10_06_02,398,518
hawaii8km_10_06_03,399,519
hawaii8km_10_06_04,400,520
hawaii8km_10_06_05,401,521
hawaii8km_10_06_06,402,522
hawaii8km_10_06_07,403,523
hawaii8km_10_06_08,404,524
hawaii8km_10_06_09,405,525
hawaii8km_10_06_10,406,526
hawaii8km_10_06_11,407,527
hawaii8km_10_06_12,408,528
hawaii8km_10_06_13,409,529
hawaii8km_10_06_14,410,530
hawaii8km_10_06_15,411,531
hawaii8km_10_06_16,412,532
hawaii8km_10_06_17,413,533
hawaii8km_10_06_18,414,534
hawaii8km_10_06_19,415,535
hawaii8km_10_06_20,416,536
hawaii8km_10_06_21,417,537
hawaii8km_10_06_22,418,538
hawaii8km_10_06_23,419,539
hawaii8km_10_06_24,420,540
hawaii8km_10_06_25,421,541
hawaii8km_10_06_26,422,542
hawaii8km_10_06_27,423,543
hawaii8km_10_06_28,424,544
hawaii8km_10_06_29,425,545
hawaii8km_10_06_30,426,546
hawaii8km_10_07_01,427,547
hawaii8km_10_07_02,428,548
hawaii8km_10_07_03,429,549
hawaii8km_10_07_04,430,550
hawaii8km_10_07_05,431,551
hawaii8km_10_07_06,432,552
hawaii8km_10_07_07,433,553
hawaii8km_10_07_08,434,554
hawaii8km_10_07_09,435,555
hawaii8km_10_07_10,436,556
hawaii8km_10_07_11,437,557
hawaii8km_10_07_12,438,558
hawaii8km_10_07_13,439,559
hawaii8km_10_07_14,440,560
hawaii8km_10_07_15,441,561
hawaii8km_10_07_16,442,562
hawaii8km_10_07_17,443,563
hawaii8km_10_07_18,444,564
hawaii8km_10_07_19,445,565
hawaii8km_10_07_20,446,566
hawaii8km_10_07_21,447,567
hawaii8km_10_07_22,448,568
hawaii8km_10_07_23,449,569
hawaii8km_10_07_24,450,570
hawaii8km_10_07_25,451,571
hawaii8km_10_07_26,452,572
hawaii8km_10_07_27,453,573
hawaii8km_10_07_28,454,574
hawaii8km_10_07_29,455,575
hawaii8km_10_07_30,456,576
hawaii8km_10_07_31,457,577
hawaii8km_10_08_01,458,578
hawaii8km_10_08_02,459,579
hawaii8km_10_08_03,460,580
hawaii8km_10_08_04,461,581
hawaii8km_10_08_05,462,582
hawaii8km_10_08_06,463,583
hawaii8km_10_08_07,464,584
hawaii8km_10_08_08,465,585
hawaii8km_10_08_09,466,586
hawaii8km_10_08_10,467,587
hawaii8km_10_08_11,468,588
hawaii8km_10_08_12,469,589
hawaii8km_10_08_13,470,590
hawaii8km_10_08_14,471,591
hawaii8km_10_08_15,472,592
hawaii8km_10_08_16,473,593
hawaii8km_10_08_17,474,594
hawaii8km_10_08_18,475,595
hawaii8km_10_08_19,476,596
hawaii8km_10_08_20,477,597
hawaii8km_10_08_21,478,598
hawaii8km_10_08_22,479,599
hawaii8km_10_08_23,480,600
hawaii8km_10_08_24,481,601
hawaii8km_10_08_25,482,602
hawaii8km_10_08_26,483,603
hawaii8km_10_08_27,484,604
hawaii8km_10_08_28,485,605
hawaii8km_10_08_29,486,606
hawaii8km_10_08_30,487,607
hawaii8km_10_08_31,488,608
hawaii8km_10_09_01,489,609
hawaii8km_10_09_02,490,610
hawaii8km_10_09_03,491,611
hawaii8km_10_09_04,492,612
hawaii8km_10_09_05,493,613
hawaii8km_10_09_06,494,614
hawaii8km_10_09_07,495,615
hawaii8km_10_09_08,496,616
hawaii8km_10_09_09,497,617
hawaii8km_10_09_10,498,618
hawaii8km_10_09_11,499,619
hawaii8km_10_09_12,500,620
hawaii8km_10_09_13,501,621
hawaii8km_10_09_14,502,622
hawaii8km_10_09_15,503,623
hawaii8km_10_09_16,504,624
hawaii8km_10_09_17,505,625
hawaii8km_10_09_18,506,626
hawaii8km_10_09_19,507,627
hawaii8km_10_09_20,508,628
hawaii8km_10_09_21,509,629
hawaii8km_10_09_22,510,630
hawaii8km_10_09_23,511,631
hawaii8km_10_09_24,512,632
hawaii8km_10_09_25,513,633
hawaii8km_10_09_26,514,634
hawaii8km_10_09_27,515,635
hawaii8km_10_09_28,516,636
hawaii8km_10_09_29,517,637
hawaii8km_10_09_30,518,638
hawaii8km_10_10_01,519,639
hawaii8km_10_10_02,520,640
hawaii8km_10_10_03,521,641
hawaii8km_10_10_04,522,642
hawaii8km_10_10_05,523,643
hawaii8km_10_10_06,524,644
hawaii8km_10_10_07,525,645
hawaii8km_10_10_08,526,646
hawaii8km_10_10_09,527,647
hawaii8km_10_10_10,528,648
hawaii8km_10_10_11,529,649
hawaii8km_10_10_12,530,650
hawaii8km_10_10_13,531,651
hawaii8km_10_10_14,532,652
hawaii8km_10_10_15,533,653
hawaii8km_10_10_16,534,654
hawaii8km_10_10_17,535,655
hawaii8km_10_10_18,536,656
hawaii8km_10_10_19,537,657
hawaii8km_10_10_20,538,658
hawaii8km_10_10_21,539,659
hawaii8km_10_10_22,540,660
hawaii8km_10_10_23,541,661
hawaii8km_10_10_24,542,662
hawaii8km_10_10_25,543,663
hawaii8km_10_10_26,544,664
hawaii8km_10_10_27,545,665
hawaii8km_10_10_28,546,666
hawaii8km_10_10_29,547,667
hawaii8km_10_10_30,548,668
hawaii8km_10_10_31,549,669
hawaii8km_10_11_01,550,670
hawaii8km_10_11_02,551,671
hawaii8km_10_11_03,552,672
hawaii8km_10_11_04,553,673
hawaii8km_10_11_05,554,674
hawaii8km_10_11_06,555,675
hawaii8km_10_11_07,556,676
hawaii8km_10_11_08,557,677
hawaii8km_10_11_09,558,678
hawaii8km_10_11_10,559,679
hawaii8km_10_11_11,560,680
hawaii8km_10_11_12,561,681
hawaii8km_10_11_13,562,682
hawaii8km_10_11_14,563,683
hawaii8km_10_11_15,564,684
hawaii8km_10_11_16,565,685
hawaii8km_10_11_17,566,686
hawaii8km_10_11_18,567,687
hawaii8km_10_11_19,568,688
hawaii8km_10_11_20,569,689
hawaii8km_10_11_21,570,690
hawaii8km_10_11_22,571,691
hawaii8km_10_11_23,572,692
hawaii8km_10_11_24,573,693
hawaii8km_10_11_25,574,694
hawaii8km_10_11_26,575,695
hawaii8km_10_11_27,576,696
hawaii8km_10_11_28,577,697
hawaii8km_10_11_29,578,698
hawaii8km_10_11_30,579,699
hawaii8km_10_12_01,580,700
hawaii8km_10_12_02,581,701
hawaii8km_10_12_03,582,702
hawaii8km_10_12_04,583,703
hawaii8km_10_12_05,584,704
hawaii8km_10_12_06,585,705
hawaii8km_10_12_07,586,706
hawaii8km_10_12_08,587,707
hawaii8km_10_12_09,588,708
hawaii8km_10_12_10,589,709
hawaii8km_10_12_11,590,710
hawaii8km_10_12_12,591,711
hawaii8km_10_12_13,592,712
hawaii8km_10_12_14,593,713
hawaii8km_10_12_15,594,714
hawaii8km_10_12_16,595,715
hawaii8km_10_12_17,596,716
hawaii8km_10_12_18,597,717
hawaii8km_10_12_19,598,718
hawaii8km_10_12_20,599,719
hawaii8km_10_12_21,600,720
hawaii8km_10_12_22,601,721
hawaii8km_10_12_23,602,722
hawaii8km_10_12_24,603,723
hawaii8km_10_12_25,604,724
hawaii8km_10_12_26,605,725
hawaii8km_10_12_27,606,726
hawaii8km_10_12_28,607,727
hawaii8km_10_12_29,608,728
hawaii8km_10_12_30,609,729
hawaii8km_10_12_31,610,730
hawaii8km_11_01_01,611,731
hawaii8km_11_01_02,612,732
hawaii8km_11_01_03,613,733
hawaii8km_11_01_04,614,734
hawaii8km_11_01_05,615,735
hawaii8km_11_01_06,616,736
hawaii8km_11_01_07,617,737
hawaii8km_11_01_08,618,738
hawaii8km_11_01_09,619,739
hawaii8km_11_01_10,620,740
hawaii8km_11_01_11,621,741
hawaii8km_11_01_12,622,742
hawaii8km_11_01_13,623,743
hawaii8km_11_01_14,624,744
hawaii8km_11_01_15,625,745
hawaii8km_11_01_16,626,746
hawaii8km_11_01_17,627,747
hawaii8km_11_01_18,628,748
hawaii8km_11_01_19,629,749
hawaii8km_11_01_20,630,750
hawaii8km_11_01_21,631,751
hawaii8km_11_01_22,632,752
hawaii8km_11_01_23,633,753
hawaii8km_11_01_24,634,754
hawaii8km_11_01_25,635,755
hawaii8km_11_01_26,636,756
hawaii8km_11_01_27,637,757
hawaii8km_11_01_28,638,758
hawaii8km_11_01_29,639,759
hawaii8km_11_01_30,640,760
hawaii8km_11_01_31,641,761
hawaii8km_11_02_01,642,762
hawaii8km_11_02_02,643,763
hawaii8km_11_02_03,644,764
hawaii8km_11_02_04,645,765
hawaii8km_11_02_05,646,766
hawaii8km_11_02_06,647,767
hawaii8km_11_02_07,648,768
hawaii8km_11_02_08,649,769
hawaii8km_11_02_09,650,770
hawaii8km_11_02_10,651,771
hawaii8km_11_02_11,652,772
hawaii8km_11_02_12,653,773
hawaii8km_11_02_13,654,774
hawaii8km_11_02_14,655,775
hawaii8km_11_02_15,656,776
hawaii8km_11_02_16,657,777
hawaii8km_11_02_17,658,778
hawaii8km_11_02_18,659,779
hawaii8km_11_02_19,660,780
hawaii8km_11_02_20,661,781
hawaii8km_11_02_21,662,782
hawaii8km_11_02_22,663,783
hawaii8km_11_02_23,664,784
hawaii8km_11_02_24,665,785
hawaii8km_11_02_25,666,786
hawaii8km_11_02_26,667,787
hawaii8km_11_02_27,668,788
hawaii8km_11_02_28,669,789
hawaii8km_11_03_01,670,790
hawaii8km_11_03_02,671,791
hawaii8km_11_03_03,672,792
hawaii8km_11_03_04,673,793
hawaii8km_11_03_05,674,794
hawaii8km_11_03_06,675,795
hawaii8km_11_03_07,676,796
hawaii8km_11_03_08,677,797
hawaii8km_11_03_09,678,798
hawaii8km_11_03_10,679,799
hawaii8km_11_03_11,680,800
hawaii8km_11_03_12,681,801
hawaii8km_11_03_13,682,802
hawaii8km_11_03_14,683,803
hawaii8km_11_03_15,684,804
hawaii8km_11_03_16,685,805
hawaii8km_11_03_17,686,806
hawaii8km_11_03_18,687,807
hawaii8km_11_03_19,688,808
hawaii8km_11_03_20,689,809
hawaii8km_11_03_21,690,810
hawaii8km_11_03_22,691,811
hawaii8km_11_03_23,692,812
hawaii8km_11_03_24,693,813
hawaii8km_11_03_25,694,814
hawaii8km_11_03_26,695,815
hawaii8km_11_03_27,696,816
hawaii8km_11_03_28,697,817
hawaii8km_11_03_29,698,818
hawaii8km_11_03_30,699,819
hawaii8km_11_03_31,700,820
hawaii8km_11_04_01,701,821
hawaii8km_11_04_02,702,822
hawaii8km_11_04_03,703,823
hawaii8km_11_04_04,704,824
hawaii8km_11_04_05,705,825
hawaii8km_11_04_06,706,826
hawaii8km_11_04_07,707,827
hawaii8km_11_04_08,708,828
hawaii8km_11_04_09,709,829
hawaii8km_11_04_10,710,830
hawaii8km_11_04_11,711,831
hawaii8km_11_04_12,712,832
hawaii8km_11_04_13,713,833
hawaii8km_11_04_14,714,834
hawaii8km_11_04_15,715,835
hawaii8km_11_04_16,716,836
hawaii8km_11_04_17,717,837
hawaii8km_11_04_18,718,838
hawaii8km_11_04_19,719,839
hawaii8km_11_04_20,720,840
hawaii8km_11_04_21,721,841
hawaii8km_11_04_22,722,842
hawaii8km_11_04_23,723,843
hawaii8km_11_04_24,724,844
hawaii8km_11_04_25,725,845
hawaii8km_11_04_26,726,846
hawaii8km_11_04_27,727,847
hawaii8km_11_04_28,728,848
hawaii8km_11_04_29,729,849
hawaii8km_11_04_30,730,850
hawaii8km_11_05_01,731,851
hawaii8km_11_05_02,732,852
hawaii8km_11_05_03,733,853
hawaii8km_11_05_04,734,854
hawaii8km_11_05_05,735,855
hawaii8km_11_05_06,736,856
hawaii8km_11_05_07,737,857
hawaii8km_11_05_08,738,858
hawaii8km_11_05_09,739,859
hawaii8km_11_05_10,740,860
hawaii8km_11_05_11,741,861
hawaii8km_11_05_12,742,862
hawaii8km_11_05_13,743,863
hawaii8km_11_05_14,744,864
hawaii8km_11_05_15,745,865
hawaii8km_11_05_16,746,866
hawaii8km_11_05_17,747,867
hawaii8km_11_05_18,748,868
hawaii8km_11_05_19,749,869
hawaii8km_11_05_20,750,870
hawaii8km_11_05_21,751,871
hawaii8km_11_05_22,752,872
hawaii8km_11_05_23,753,873
hawaii8km_11_05_24,754,874
hawaii8km_11_05_25,755,875
hawaii8km_11_05_26,756,876
hawaii8km_11_05_27,757,877
hawaii8km_11_05_28,758,878
hawaii8km_11_05_29,759,879
hawaii8km_11_05_30,760,880
hawaii8km_11_05_31,761,881
hawaii8km_11_06_01,762,882
hawaii8km_11_06_02,763,883
hawaii8km_11_06_03,764,884
hawaii8km_11_06_04,765,885
hawaii8km_11_06_05,766,886
hawaii8km_11_06_06,767,887
hawaii8km_11_06_07,768,888
hawaii8km_11_06_08,769,889
hawaii8km_11_06_09,770,890
hawaii8km_11_06_10,771,891
hawaii8km_11_06_11,772,892
hawaii8km_11_06_12,773,893
hawaii8km_11_06_13,774,894
hawaii8km_11_06_14,775,895
hawaii8km_11_06_15,776,896
hawaii8km_11_06_16,777,897
hawaii8km_11_06_17,778,898
hawaii8km_11_06_18,779,899
hawaii8km_11_06_19,780,900
hawaii8km_11_06_20,781,901
hawaii8km_11_06_21,782,902
hawaii8km_11_06_22,783,903
hawaii8km_11_06_23,784,904
hawaii8km_11_06_24,785,905
hawaii8km_11_06_25,786,906
hawaii8km_11_06_26,787,907
hawaii8km_11_06_27,788,908
hawaii8km_11_06_28,789,909
hawaii8km_11_06_29,790,910
hawaii8km_11_06_30,791,911
hawaii8km_11_07_01,792,912
hawaii8km_11_07_02,793,913
hawaii8km_11_07_03,794,914
hawaii8km_11_07_04,795,915
hawaii8km_11_07_05,796,916
hawaii8km_11_07_06,797,917
hawaii8km_11_07_07,798,918
hawaii8km_11_07_08,799,919
hawaii8km_11_07_09,800,920
hawaii8km_11_07_10,801,921
hawaii8km_11_07_11,802,922
hawaii8km_11_07_12,803,923
hawaii8km_11_07_13,804,924
hawaii8km_11_07_14,805,925
hawaii8km_11_07_15,806,926
hawaii8km_11_07_16,807,927
hawaii8km_11_07_17,808,928
hawaii8km_11_07_18,809,929
hawaii8km_11_07_19,810,930
hawaii8km_11_07_20,811,931
hawaii8km_11_07_21,812,932
hawaii8km_11_07_22,813,933
hawaii8km_11_07_23,814,934
hawaii8km_11_07_24,815,935
hawaii8km_11_07_25,816,936
hawaii8km_11_07_26,817,937
hawaii8km_11_07_27,818,938
hawaii8km_11_07_28,819,939
hawaii8km_11_07_29,820,940
hawaii8km_11_07_30,821,941
hawaii8km_11_07_31,822,942
hawaii8km_11_08_01,823,943
hawaii8km_11_08_02,824,944
hawaii8km_11_08_03,825,945
hawaii8km_11_08_04,826,946
hawaii8km_11_08_05,827,947
hawaii8km_11_08_06,828,948
hawaii8km_11_08_07,829,949
hawaii8km_11_08_08,830,950
hawaii8km_11_08_09,831,951
hawaii8km_11_08_10,832,952
hawaii8km_11_08_11,833,953
hawaii8km_11_08_12,834,954
hawaii8km_11_08_13,835,955
hawaii8km_11_08_14,836,956
hawaii8km_11_08_15,837,957
hawaii8km_11_08_16,838,958
hawaii8km_11_08_17,839,959
hawaii8km_11_08_18,840,960
hawaii8km_11_08_19,841,961
hawaii8km_11_08_20,842,962
hawaii8km_11_08_21,843,963
hawaii8km_11_08_22,844,964
hawaii8km_11_08_23,845,965
hawaii8km_11_08_24,846,966
hawaii8km_11_08_25,847,967
hawaii8km_11_08_26,848,968
hawaii8km_11_08_27,849,969
hawaii8km_11_08_28,850,970
hawaii8km_11_08_29,851,971
hawaii8km_11_08_30,852,972
hawaii8km_11_08_31,853,973
hawaii8km_11_09_01,854,974
hawaii8km_11_09_02,855,975
hawaii8km_11_09_03,856,976
hawaii8km_11_09_04,857,977
hawaii8km_11_09_05,858,978
hawaii8km_11_09_06,859,979
hawaii8km_11_09_07,860,980
hawaii8km_11_09_08,861,981
hawaii8km_11_09_09,862,982
hawaii8km_11_09_10,863,983
hawaii8km_11_09_11,864,984
hawaii8km_11_09_12,865,985
hawaii8km_11_09_13,866,986
hawaii8km_11_09_14,867,987
hawaii8km_11_09_15,868,988
hawaii8km_11_09_16,869,989
hawaii8km_11_09_17,870,990
hawaii8km_11_09_18,871,991
hawaii8km_11_09_19,872,992
hawaii8km_11_09_20,873,993
hawaii8km_11_09_21,874,994
hawaii8km_11_09_22,875,995
hawaii8km_11_09_23,876,996
hawaii8km_11_09_24,877,997
hawaii8km_11_09_25,878,998
hawaii8km_11_09_26,879,999
hawaii8km_11_09_27,880,1000
hawaii8km_11_09_28,881,1001
hawaii8km_11_09_29,882,1002
hawaii8km_11_09_30,883,1003
hawaii8km_11_10_01,884,1004
hawaii8km_11_10_02,885,1005
hawaii8km_11_10_03,886,1006
hawaii8km_11_10_04,887,1007
hawaii8km_11_10_05,888,1008
hawaii8km_11_10_06,889,1009
hawaii8km_11_10_07,890,1010
hawaii8km_11_10_08,891,1011
hawaii8km_11_10_09,892,1012
hawaii8km_11_10_10,893,1013
hawaii8km_11_10_11,894,1014
hawaii8km_11_10_12,895,1015
hawaii8km_11_10_13,896,1016
hawaii8km_11_10_14,897,1017
hawaii8km_11_10_15,898,1018
hawaii8km_11_10_16,899,1019
hawaii8km_11_10_17,900,1020
hawaii8km_11_10_18,901,1021
hawaii8km_11_10_19,902,1022
hawaii8km_11_10_20,903,1023
hawaii8km_11_10_21,904,1024
hawaii8km_11_10_22,905,1025
hawaii8km_11_10_23,906,1026
hawaii8km_11_10_24,907,1027
hawaii8km_11_10_25,908,1028
hawaii8km_11_10_26,909,1029
hawaii8km_11_10_27,910,1030
hawaii8km_11_10_28,911,1031
hawaii8km_11_10_29,912,1032
hawaii8km_11_10_30,913,1033
hawaii8km_11_10_31,914,1034
hawaii8km_11_11_01,915,1035
hawaii8km_11_11_02,916,1036
hawaii8km_11_11_03,917,1037
hawaii8km_11_11_04,918,1038
hawaii8km_11_11_05,919,1039
hawaii8km_11_11_06,920,1040
hawaii8km_11_11_07,921,1041
hawaii8km_11_11_08,922,1042
hawaii8km_11_11_09,923,1043
hawaii8km_11_11_10,924,1044
hawaii8km_11_11_11,925,1045
hawaii8km_11_11_12,926,1046
hawaii8km_11_11_13,927,1047
hawaii8km_11_11_14,928,1048
hawaii8km_11_11_15,929,1049
hawaii8km_11_11_16,930,1050
hawaii8km_11_11_17,931,1051
hawaii8km_11_11_18,932,1052
hawaii8km_11_11_19,933,1053
hawaii8km_11_11_20,934,1054
hawaii8km_11_11_21,935,1055
hawaii8km_11_11_22,936,1056
hawaii8km_11_11_23,937,1057
hawaii8km_11_11_24,938,1058
hawaii8km_11_11_25,939,1059
hawaii8km_11_11_26,940,1060
hawaii8km_11_11_27,941,1061
hawaii8km_11_11_28,942,1062
hawaii8km_11_11_29,943,1063
hawaii8km_11_11_30,944,1064
hawaii8km_11_12_01,945,1065
hawaii8km_11_12_02,946,1066
hawaii8km_11_12_03,947,1067
hawaii8km_11_12_04,948,1068
hawaii8km_11_12_05,949,1069
hawaii8km_11_12_06,950,1070
hawaii8km_11_12_07,951,1071
hawaii8km_11_12_08,952,1072
hawaii8km_11_12_09,953,1073
hawaii8km_11_12_10,954,1074
hawaii8km_11_12_11,955,1075
hawaii8km_11_12_12,956,1076
hawaii8km_11_12_13,957,1077
hawaii8km_11_12_14,958,1078
hawaii8km_11_12_15,959,1079
hawaii8km_11_12_16,960,1080
hawaii8km_11_12_17,961,1081
hawaii8km_11_12_18,962,1082
hawaii8km_11_12_19,963,1083
hawaii8km_11_12_20,964,1084
hawaii8km_11_12_21,965,1085
hawaii8km_11_12_22,966,1086
hawaii8km_11_12_23,967,1087
hawaii8km_11_12_24,968,1088
hawaii8km_11_12_25,969,1089
hawaii8km_11_12_26,970,1090
hawaii8km_11_12_27,971,1091
hawaii8km_11_12_28,972,1092
hawaii8km_11_12_29,973,1093
hawaii8km_11_12_30,974,1094
hawaii8km_11_12_31,975,1095
hawaii8km_12_01_01,976,1096
hawaii8km_12_01_02,977,1097
hawaii8km_12_01_03,978,1098
hawaii8km_12_01_04,979,1099
hawaii8km_12_01_05,980,1100
hawaii8km_12_01_06,981,1101
hawaii8km_12_01_07,982,1102
hawaii8km_12_01_08,983,1103
hawaii8km_12_01_09,984,1104
hawaii8km_12_01_10,985,1105
hawaii8km_12_01_11,986,1106
hawaii8km_12_01_12,987,1107
hawaii8km_12_01_13,988,1108
hawaii8km_12_01_14,989,1109
hawaii8km_12_01_15,990,1110
hawaii8km_12_01_16,991,1111
hawaii8km_12_01_17,992,1112
hawaii8km_12_01_18,993,1113
hawaii8km_12_01_19,994,1114
hawaii8km_12_01_20,995,1115
hawaii8km_12_01_21,996,1116
hawaii8km_12_01_22,997,1117
hawaii8km_12_01_23,998,1118
hawaii8km_12_01_24,999,1119
hawaii8km_12_01_25,1000,1120
hawaii8km_12_01_26,1001,1121
hawaii8km_12_01_27,1002,1122
hawaii8km_12_01_28,1003,1123
hawaii8km_12_01_29,1004,1124
hawaii8km_12_01_30,1005,1125
hawaii8km_12_01_31,1006,1126
hawaii8km_12_02_01,1007,1127
hawaii8km_12_02_02,1008,1128
hawaii8km_12_02_03,1009,1129
hawaii8km_12_02_04,1010,1130
hawaii8km_12_02_05,1011,1131
hawaii8km_12_02_06,1012,1132
hawaii8km_12_02_07,1013,1133
hawaii8km_12_02_08,1014,1134
hawaii8km_12_02_09,1015,1135
hawaii8km_12_02_10,1016,1136
hawaii8km_12_02_11,1017,1137
hawaii8km_12_02_12,1018,1138
hawaii8km_12_02_13,1019,1139
hawaii8km_12_02_14,1020,1140
hawaii8km_12_02_15,1021,1141
hawaii8km_12_02_16,1022,1142
hawaii8km_12_02_17,1023,1143
hawaii8km_12_02_18,1024,1144
hawaii8km_12_02_19,1025,1145
hawaii8km_12_02_20,1026,1146
hawaii8km_12_02_21,1027,1147
hawaii8km_12_02_22,1028,1148
hawaii8km_12_02_23,1029,1149
hawaii8km_12_02_24,1030,1150
hawaii8km_12_02_25,1031,1151
hawaii8km_12_02_26,1032,1152
hawaii8km_12_02_27,1033,1153
hawaii8km_12_02_28,1034,1154
hawaii8km_12_02_29,1035,1155
hawaii8km_12_03_01,1036,1156
hawaii8km_12_03_02,1037,1157
hawaii8km_12_03_03,1038,1158
hawaii8km_12_03_04,1039,1159
hawaii8km_12_03_05,1040,1160
hawaii8km_12_03_06,1041,1161
hawaii8km_12_03_07,1042,1162
hawaii8km_12_03_08,1043,1163
hawaii8km_12_03_09,1044,1164
hawaii8km_12_03_10,1045,1165
hawaii8km_12_03_11,1046,1166
hawaii8km_12_03_12,1047,1167
hawaii8km_12_03_13,1048,1168
hawaii8km_12_03_14,1049,1169
hawaii8km_12_03_15,1050,1170
hawaii8km_12_03_16,1051,1171
hawaii8km_12_03_17,1052,1172
hawaii8km_12_03_18,1053,1173
hawaii8km_12_03_19,1054,1174
hawaii8km_12_03_20,1055,1175
hawaii8km_12_03_21,1056,1176
hawaii8km_12_03_22,1057,1177
hawaii8km_12_03_23,1058,1178
hawaii8km_12_03_24,1059,1179
hawaii8km_12_03_25,1060,1180
hawaii8km_12_03_26,1061,1181
hawaii8km_12_03_27,1062,1182
hawaii8km_12_03_28,1063,1183
hawaii8km_12_03_29,1064,1184
hawaii8km_12_03_30,1065,1185
hawaii8km_12_03_31,1066,1186
hawaii8km_12_04_01,1067,1187
hawaii8km_12_04_02,1068,1188
hawaii8km_12_04_03,1069,1189
hawaii8km_12_04_04,1070,1190
hawaii8km_12_04_05,1071,1191
hawaii8km_12_04_06,1072,1192
hawaii8km_12_04_07,1073,1193
hawaii8km_12_04_08,1074,1194
hawaii8km_12_04_09,1075,1195
hawaii8km_12_04_10,1076,1196
hawaii8km_12_04_11,1077,1197
hawaii8km_12_04_12,1078,1198
hawaii8km_12_04_13,1079,1199
hawaii8km_12_04_14,1080,1200
hawaii8km_12_04_15,1081,1201
hawaii8km_12_04_16,1082,1202
hawaii8km_12_04_17,1083,1203
hawaii8km_12_04_18,1084,1204
hawaii8km_12_04_19,1085,1205
hawaii8km_12_04_20,1086,1206
hawaii8km_12_04_21,1087,1207
hawaii8km_12_04_22,1088,1208
hawaii8km_12_04_23,1089,1209
hawaii8km_12_04_24,1090,1210
hawaii8km_12_04_25,1091,1211
hawaii8km_12_04_26,1092,1212
hawaii8km_12_04_27,1093,1213
hawaii8km_12_04_28,1094,1214
hawaii8km_12_04_29,1095,1215
hawaii8km_12_04_30,1096,1216
hawaii8km_12_05_01,1097,1217
hawaii8km_12_05_02,1098,1218
hawaii8km_12_05_03,1099,1219
hawaii8km_12_05_04,1100,1220
hawaii8km_12_05_05,1101,1221
hawaii8km_12_05_06,1102,1222
hawaii8km_12_05_07,1103,1223
hawaii8km_12_05_08,1104,1224
hawaii8km_12_05_09,1105,1225
hawaii8km_12_05_10,1106,1226
hawaii8km_12_05_11,1107,1227
hawaii8km_12_05_12,1108,1228
hawaii8km_12_05_13,1109,1229
hawaii8km_12_05_14,1110,1230
hawaii8km_12_05_15,1111,1231
hawaii8km_12_05_16,1112,1232
hawaii8km_12_05_17,1113,1233
hawaii8km_12_05_18,1114,1234
hawaii8km_12_05_19,1115,1235
hawaii8km_12_05_20,1116,1236
hawaii8km_12_05_21,1117,1237
hawaii8km_12_05_22,1118,1238
hawaii8km_12_05_23,1119,1239
hawaii8km_12_05_24,1120,1240
hawaii8km_12_05_25,1121,1241
hawaii8km_12_05_26,1122,1242
hawaii8km_12_05_27,1123,1243
hawaii8km_12_05_28,1124,1244
hawaii8km_12_05_29,1125,1245
hawaii8km_12_05_30,1126,1246
hawaii8km_12_05_31,1127,1247
hawaii8km_12_06_01,1128,1248
hawaii8km_12_06_02,1129,1249
hawaii8km_12_06_03,1130,1250
hawaii8km_12_06_04,1131,1251
hawaii8km_12_06_05,1132,1252
hawaii8km_12_06_06,1133,1253
hawaii8km_12_06_07,1134,1254
hawaii8km_12_06_08,1135,1255
hawaii8km_12_06_09,1136,1256
hawaii8km_12_06_10,1137,1257
hawaii8km_12_06_11,1138,1258
hawaii8km_12_06_12,1139,1259
hawaii8km_12_06_13,1140,1260
hawaii8km_12_06_14,1141,1261
hawaii8km_12_06_15,1142,1262
hawaii8km_12_06_16,1143,1263
hawaii8km_12_06_17,1144,1264
hawaii8km_12_06_18,1145,1265
hawaii8km_12_06_19,1146,1266
hawaii8km_12_06_20,1147,1267
hawaii8km_12_06_21,1148,1268
hawaii8km_12_06_22,1149,1269
hawaii8km_12_06_23,1150,1270
hawaii8km_12_06_24,1151,1271
hawaii8km_12_06_25,1152,1272
hawaii8km_12_06_26,1153,1273
hawaii8km_12_06_27,1154,1274
hawaii8km_12_06_28,1155,1275
hawaii8km_12_06_29,1156,1276
hawaii8km_12_06_30,1157,1277
hawaii8km_12_07_01,1158,1278
hawaii8km_12_07_02,1159,1279
hawaii8km_12_07_03,1160,1280
hawaii8km_12_07_04,1161,1281
hawaii8km_12_07_05,1162,1282
hawaii8km_12_07_06,1163,1283
hawaii8km_12_07_07,1164,1284
hawaii8km_12_07_08,1165,1285
hawaii8km_12_07_09,1166,1286
hawaii8km_12_07_10,1167,1287
hawaii8km_12_07_11,1168,1288
hawaii8km_12_07_12,1169,1289
hawaii8km_12_07_13,1170,1290
hawaii8km_12_07_14,1171,1291
hawaii8km_12_07_15,1172,1292
hawaii8km_12_07_16,1173,1293
hawaii8km_12_07_17,1174,1294
hawaii8km_12_07_18,1175,1295
hawaii8km_12_07_19,1176,1296
hawaii8km_12_07_20,1177,1297
hawaii8km_12_07_21,1178,1298
hawaii8km_12_07_22,1179,1299
hawaii8km_12_07_23,1180,1300
hawaii8km_12_07_24,1181,1301
hawaii8km_12_07_25,1182,1302
hawaii8km_12_07_26,1183,1303
hawaii8km_12_07_27,1184,1304
hawaii8km_12_07_28,1185,1305
hawaii8km_12_07_29,1186,1306
hawaii8km_12_07_30,1187,1307
hawaii8km_12_07_31,1188,1308
hawaii8km_12_08_01,1189,1309
hawaii8km_12_08_02,1190,1310
hawaii8km_12_08_03,1191,1311
hawaii8km_12_08_04,1192,1312
hawaii8km_12_08_05,1193,1313
hawaii8km_12_08_06,1194,1314
hawaii8km_12_08_07,1195,1315
hawaii8km_12_08_08,1196,1316
hawaii8km_12_08_09,1197,1317
hawaii8km_12_08_10,1198,1318
hawaii8km_12_08_11,1199,1319
hawaii8km_12_08_12,1200,1320
hawaii8km_12_08_13,1201,1321
hawaii8km_12_08_14,1202,1322
hawaii8km_12_08_15,1203,1323
hawaii8km_12_08_16,1204,1324
hawaii8km_12_08_17,1205,1325
hawaii8km_12_08_18,1206,1326
hawaii8km_12_08_19,1207,1327
hawaii8km_12_08_20,1208,1328
hawaii8km_12_08_21,1209,1329
hawaii8km_12_08_22,1210,1330
hawaii8km_12_08_23,1211,1331
hawaii8km_12_08_24,1212,1332
hawaii8km_12_08_25,1213,1333
hawaii8km_12_08_26,1214,1334
hawaii8km_12_08_27,1215,1335
hawaii8km_12_08_28,1216,1336
hawaii8km_12_08_29,1217,1337
hawaii8km_12_08_30,1218,1338
hawaii8km_12_08_31,1219,1339
hawaii8km_12_09_01,1220,1340
hawaii8km_12_09_02,1221,1341
hawaii8km_12_09_03,1222,1342
hawaii8km_12_09_04,1223,1343
hawaii8km_12_09_05,1224,1344
hawaii8km_12_09_06,1225,1345
hawaii8km_12_09_07,1226,1346
hawaii8km_12_09_08,1227,1347
hawaii8km_12_09_09,1228,1348
hawaii8km_12_09_10,1229,1349
hawaii8km_12_09_11,1230,1350
hawaii8km_12_09_12,1231,1351
hawaii8km_12_09_13,1232,1352
hawaii8km_12_09_14,1233,1353
hawaii8km_12_09_15,1234,1354
hawaii8km_12_09_16,1235,1355
hawaii8km_12_09_17,1236,1356
hawaii8km_12_09_18,1237,1357
hawaii8km_12_09_19,1238,1358
hawaii8km_12_09_20,1239,1359
hawaii8km_12_09_21,1240,1360
hawaii8km_12_09_22,1241,1361
hawaii8km_12_09_23,1242,1362
hawaii8km_12_09_24,1243,1363
hawaii8km_12_09_25,1244,1364
hawaii8km_12_09_26,1245,1365
hawaii8km_12_09_27,1246,1366
hawaii8km_12_09_28,1247,1367
hawaii8km_12_09_29,1248,1368
hawaii8km_12_09_30,1249,1369
hawaii8km_12_10_01,1250,1370
hawaii8km_12_10_02,1251,1371
hawaii8km_12_10_03,1252,1372
hawaii8km_12_10_04,1253,1373
hawaii8km_12_10_05,1254,1374
hawaii8km_12_10_06,1255,1375
hawaii8km_12_10_07,1256,1376
hawaii8km_12_10_08,1257,1377
hawaii8km_12_10_09,1258,1378
hawaii8km_12_10_10,1259,1379
hawaii8km_12_10_11,1260,1380
hawaii8km_12_10_12,1261,1381
hawaii8km_12_10_13,1262,1382
hawaii8km_12_10_14,1263,1383
hawaii8km_12_10_15,1264,1384
hawaii8km_12_10_16,1265,1385
hawaii8km_12_10_17,1266,1386
hawaii8km_12_10_18,1267,1387
hawaii8km_12_10_19,1268,1388
hawaii8km_12_10_20,1269,1389
hawaii8km_12_10_21,1270,1390
hawaii8km_12_10_22,1271,1391
hawaii8km_12_10_23,1272,1392
hawaii8km_12_10_24,1273,1393
hawaii8km_12_10_25,1274,1394
hawaii8km_12_10_26,1275,1395
hawaii8km_12_10_27,1276,1396
hawaii8km_12_10_28,1277,1397
hawaii8km_12_10_29,1278,1398
hawaii8km_12_10_30,1279,1399
hawaii8km_12_10_31,1280,1400
hawaii8km_12_11_01,1281,1401
hawaii8km_12_11_02,1282,1402
hawaii8km_12_11_03,1283,1403
hawaii8km_12_11_04,1284,1404
hawaii8km_12_11_05,1285,1405
hawaii8km_12_11_06,1286,1406
hawaii8km_12_11_07,1287,1407
hawaii8km_12_11_08,1288,1408
hawaii8km_12_11_09,1289,1409
hawaii8km_12_11_10,1290,1410
hawaii8km_12_11_11,1291,1411
hawaii8km_12_11_12,1292,1412
hawaii8km_12_11_13,1293,1413
hawaii8km_12_11_14,1294,1414
hawaii8km_12_11_15,1295,1415
hawaii8km_12_11_16,1296,1416
hawaii8km_12_11_17,1297,1417
hawaii8km_12_11_18,1298,1418
hawaii8km_12_11_19,1299,1419
hawaii8km_12_11_20,1300,1420
hawaii8km_12_11_21,1301,1421
hawaii8km_12_11_22,1302,1422
hawaii8km_12_11_23,1303,1423
hawaii8km_12_11_24,1304,1424
hawaii8km_12_11_25,1305,1425
hawaii8km_12_11_26,1306,1426
hawaii8km_12_11_27,1307,1427
hawaii8km_12_11_28,1308,1428
hawaii8km_12_11_29,1309,1429
hawaii8km_12_11_30,1310,1430
hawaii8km_12_12_01,1311,1431
hawaii8km_12_12_02,1312,1432
hawaii8km_12_12_03,1313,1433
hawaii8km_12_12_04,1314,1434
hawaii8km_12_12_05,1315,1435
hawaii8km_12_12_06,1316,1436
hawaii8km_12_12_07,1317,1437
hawaii8km_12_12_08,1318,1438
hawaii8km_12_12_09,1319,1439
hawaii8km_12_12_10,1320,1440
hawaii8km_12_12_11,1321,1441
hawaii8km_12_12_12,1322,1442
hawaii8km_12_12_13,1323,1443
hawaii8km_12_12_14,1324,1444
hawaii8km_12_12_15,1325,1445
hawaii8km_12_12_16,1326,1446
hawaii8km_12_12_17,1327,1447
hawaii8km_12_12_18,1328,1448
hawaii8km_12_12_19,1329,1449
hawaii8km_12_12_20,1330,1450
hawaii8km_12_12_21,1331,1451
hawaii8km_12_12_22,1332,1452
hawaii8km_12_12_23,1333,1453
hawaii8km_12_12_24,1334,1454
hawaii8km_12_12_25,1335,1455
hawaii8km_12_12_26,1336,1456
hawaii8km_12_12_27,1337,1457
hawaii8km_12_12_28,1338,1458
hawaii8km_12_12_29,1339,1459
hawaii8km_12_12_30,1340,1460
hawaii8km_12_12_31,1341,1461
hawaii8km_13_01_01,1342,1462
hawaii8km_13_01_02,1343,1463
hawaii8km_13_01_03,1344,1464
hawaii8km_13_01_04,1345,1465
hawaii8km_13_01_05,1346,1466
hawaii8km_13_01_06,1347,1467
hawaii8km_13_01_07,1348,1468
hawaii8km_13_01_08,1349,1469
hawaii8km_13_01_09,1350,1470
hawaii8km_13_01_10,1351,1471
hawaii8km_13_01_11,1352,1472
hawaii8km_13_01_12,1353,1473
hawaii8km_13_01_13,1354,1474
hawaii8km_13_01_14,1355,1475
hawaii8km_13_01_15,1356,1476
hawaii8km_13_01_16,1357,1477
hawaii8km_13_01_17,1358,1478
hawaii8km_13_01_18,1359,1479
hawaii8km_13_01_19,1360,1480
hawaii8km_13_01_20,1361,1481
hawaii8km_13_01_21,1362,1482
hawaii8km_13_01_22,1363,1483
hawaii8km_13_01_23,1364,1484
hawaii8km_13_01_24,1365,1485
hawaii8km_13_01_25,1366,1486
hawaii8km_13_01_26,1367,1487
hawaii8km_13_01_27,1368,1488
hawaii8km_13_01_28,1369,1489
hawaii8km_13_01_29,1370,1490
hawaii8km_13_01_30,1371,1491
hawaii8km_13_01_31,1372,1492
hawaii8km_13_02_01,1373,1493
hawaii8km_13_02_02,1374,1494
hawaii8km_13_02_03,1375,1495
hawaii8km_13_02_04,1376,1496
hawaii8km_13_02_05,1377,1497
hawaii8km_13_02_06,1378,1498
hawaii8km_13_02_07,1379,1499
hawaii8km_13_02_08,1380,1500
hawaii8km_13_02_09,1381,1501
hawaii8km_13_02_10,1382,1502
hawaii8km_13_02_11,1383,1503
hawaii8km_13_02_12,1384,1504
hawaii8km_13_02_13,1385,1505
hawaii8km_13_02_14,1386,1506
hawaii8km_13_02_15,1387,1507
hawaii8km_13_02_16,1388,1508
hawaii8km_13_02_17,1389,1509
hawaii8km_13_02_18,1390,1510
hawaii8km_13_02_19,1391,1511
hawaii8km_13_02_20,1392,1512
hawaii8km_13_02_21,1393,1513
hawaii8km_13_02_22,1394,1514
hawaii8km_13_02_23,1395,1515
hawaii8km_13_02_24,1396,1516
hawaii8km_13_02_25,1397,1517
hawaii8km_13_02_26,1398,1518
hawaii8km_13_02_27,1399,1519
hawaii8km_13_02_28,1400,1520
hawaii8km_13_03_01,1401,1521
hawaii8km_13_03_02,1402,1522
hawaii8km_13_03_03,1403,1523
hawaii8km_13_03_04,1404,1524
hawaii8km_13_03_05,1405,1525
hawaii8km_13_03_06,1406,1526
hawaii8km_13_03_07,1407,1527
hawaii8km_13_03_08,1408,1528
hawaii8km_13_03_09,1409,1529
hawaii8km_13_03_10,1410,1530
hawaii8km_13_03_11,1411,1531
hawaii8km_13_03_12,1412,1532
hawaii8km_13_03_13,1413,1533
hawaii8km_13_03_14,1414,1534
hawaii8km_13_03_15,1415,1535
hawaii8km_13_03_16,1416,1536
hawaii8km_13_03_17,1417,1537
hawaii8km_13_03_18,1418,1538
hawaii8km_13_03_19,1419,1539
hawaii8km_13_03_20,1420,1540
hawaii8km_13_03_21,1421,1541
hawaii8km_13_03_22,1422,1542
hawaii8km_13_03_23,1423,1543
hawaii8km_13_03_24,1424,1544
hawaii8km_13_03_25,1425,1545
hawaii8km_13_03_26,1426,1546
hawaii8km_13_03_27,1427,1547
hawaii8km_13_03_28,1428,1548
hawaii8km_13_03_29,1429,1549
hawaii8km_13_03_30,1430,1550
hawaii8km_13_03_31,1431,1551
hawaii8km_13_04_01,1432,1552
hawaii8km_13_04_02,1433,1553
hawaii8km_13_04_03,1434,1554
hawaii8km_13_04_04,1435,1555
hawaii8km_13_04_05,1436,1556
hawaii8km_13_04_06,1437,1557
hawaii8km_13_04_07,1438,1558
hawaii8km_13_04_08,1439,1559
hawaii8km_13_04_09,1440,1560
hawaii8km_13_04_10,1441,1561
hawaii8km_13_04_11,1442,1562
hawaii8km_13_04_12,1443,1563
hawaii8km_13_04_13,1444,1564
hawaii8km_13_04_14,1445,1565
hawaii8km_13_04_15,1446,1566
hawaii8km_13_04_16,1447,1567
hawaii8km_13_04_17,1448,1568
hawaii8km_13_04_18,1449,1569
hawaii8km_13_04_19,1450,1570
hawaii8km_13_04_20,1451,1571
hawaii8km_13_04_21,1452,1572
hawaii8km_13_04_22,1453,1573
hawaii8km_13_04_23,1454,1574
hawaii8km_13_04_24,1455,1575
hawaii8km_13_04_25,1456,1576
hawaii8km_13_04_26,1457,1577
hawaii8km_13_04_27,1458,1578
hawaii8km_13_04_28,1459,1579
hawaii8km_13_04_29,1460,1580
hawaii8km_13_04_30,1461,1581
hawaii8km_13_05_01,1462,1582
hawaii8km_13_05_02,1463,1583
hawaii8km_13_05_03,1464,1584
hawaii8km_13_05_04,1465,1585
hawaii8km_13_05_05,1466,1586
hawaii8km_13_05_06,1467,1587
hawaii8km_13_05_07,1468,1588
hawaii8km_13_05_08,1469,1589
hawaii8km_13_05_09,1470,1590
hawaii8km_13_05_10,1471,1591
hawaii8km_13_05_11,1472,1592
hawaii8km_13_05_12,1473,1593
hawaii8km_13_05_13,1474,1594
hawaii8km_13_05_14,1475,1595
hawaii8km_13_05_15,1476,1596
hawaii8km_13_05_16,1477,1597
hawaii8km_13_05_17,1478,1598
hawaii8km_13_05_18,1479,1599
hawaii8km_13_05_19,1480,1600
hawaii8km_13_05_20,1481,1601
hawaii8km_13_05_21,1482,1602
hawaii8km_13_05_22,1483,1603
hawaii8km_13_05_23,1484,1604
hawaii8km_13_05_24,1485,1605
hawaii8km_13_05_25,1486,1606
hawaii8km_13_05_26,1487,1607
hawaii8km_13_05_27,1488,1608
hawaii8km_13_05_28,1489,1609
hawaii8km_13_05_29,1490,1610
hawaii8km_13_05_30,1491,1611
hawaii8km_13_05_31,1492,1612
hawaii8km_13_06_01,1493,1613
hawaii8km_13_06_02,1494,1614
hawaii8km_13_06_03,1495,1615
hawaii8km_13_06_04,1496,1616
hawaii8km_13_06_05,1497,1617
hawaii8km_13_06_06,1498,1618
hawaii8km_13_06_07,1499,1619
hawaii8km_13_06_08,1500,1620
hawaii8km_13_06_09,1501,1621
hawaii8km_13_06_10,1502,1622
hawaii8km_13_06_11,1503,1623
hawaii8km_13_06_12,1504,1624
hawaii8km_13_06_13,1505,1625
hawaii8km_13_06_14,1506,1626
hawaii8km_13_06_15,1507,1627
hawaii8km_13_06_16,1508,1628
hawaii8km_13_06_17,1509,1629
hawaii8km_13_06_18,1510,1630
hawaii8km_13_06_19,1511,1631
hawaii8km_13_06_20,1512,1632
hawaii8km_13_06_21,1513,1633
hawaii8km_13_06_22,1514,1634
hawaii8km_13_06_23,1515,1635
hawaii8km_13_06_24,1516,1636
hawaii8km_13_06_25,1517,1637
hawaii8km_13_06_26,1518,1638
hawaii8km_13_06_27,1519,1639
hawaii8km_13_06_28,1520,1640
hawaii8km_13_06_29,1521,1641
hawaii8km_13_06_30,1522,1642
hawaii8km_13_07_01,1523,1643
hawaii8km_13_07_02,1524,1644
hawaii8km_13_07_03,1525,1645
hawaii8km_13_07_04,1526,1646
hawaii8km_13_07_05,1527,1647
hawaii8km_13_07_06,1528,1648
hawaii8km_13_07_07,1529,1649
hawaii8km_13_07_08,1530,1650
hawaii8km_13_07_09,1531,1651
hawaii8km_13_07_10,1532,1652
hawaii8km_13_07_11,1533,1653
hawaii8km_13_07_12,1534,1654
hawaii8km_13_07_13,1535,1655
hawaii8km_13_07_14,1536,1656
hawaii8km_13_07_15,1537,1657
hawaii8km_13_07_16,1538,1658
hawaii8km_13_07_17,1539,1659
hawaii8km_13_07_18,1540,1660
hawaii8km_13_07_19,1541,1661
hawaii8km_13_07_20,1542,1662
hawaii8km_13_07_21,1543,1663
hawaii8km_13_07_22,1544,1664
hawaii8km_13_07_23,1545,1665
hawaii8km_13_07_24,1546,1666
hawaii8km_13_07_25,1547,1667
hawaii8km_13_07_26,1548,1668
hawaii8km_13_07_27,1549,1669
hawaii8km_13_07_28,1550,1670
hawaii8km_13_07_29,1551,1671
hawaii8km_13_07_30,1552,1672
hawaii8km_13_07_31,1553,1673
hawaii8km_13_08_01,1554,1674
hawaii8km_13_08_02,1555,1675
hawaii8km_13_08_03,1556,1676
hawaii8km_13_08_04,1557,1677
hawaii8km_13_08_05,1558,1678
hawaii8km_13_08_06,1559,1679
hawaii8km_13_08_07,1560,1680
hawaii8km_13_08_08,1561,1681
hawaii8km_13_08_09,1562,1682
hawaii8km_13_08_10,1563,1683
hawaii8km_13_08_11,1564,1684
hawaii8km_13_08_12,1565,1685
hawaii8km_13_08_13,1566,1686
hawaii8km_13_08_14,1567,1687
hawaii8km_13_08_15,1568,1688
hawaii8km_13_08_16,1569,1689
hawaii8km_13_08_17,1570,1690
hawaii8km_13_08_18,1571,1691
hawaii8km_13_08_19,1572,1692
hawaii8km_13_08_20,1573,1693
hawaii8km_13_08_21,1574,1694
hawaii8km_13_08_22,1575,1695
hawaii8km_13_08_23,1576,1696
hawaii8km_13_08_24,1577,1697
hawaii8km_13_08_25,1578,1698
hawaii8km_13_08_26,1579,1699
hawaii8km_13_08_27,1580,1700
hawaii8km_13_08_28,1581,1701
hawaii8km_13_08_29,1582,1702
hawaii8km_13_08_30,1583,1703
hawaii8km_13_08_31,1584,1704
hawaii8km_13_09_01,1585,1705
hawaii8km_13_09_02,1586,1706
hawaii8km_13_09_03,1587,1707
hawaii8km_13_09_04,1588,1708
hawaii8km_13_09_05,1589,1709
hawaii8km_13_09_06,1590,1710
hawaii8km_13_09_07,1591,1711
hawaii8km_13_09_08,1592,1712
hawaii8km_13_09_09,1593,1713
hawaii8km_13_09_10,1594,1714
hawaii8km_13_09_11,1595,1715
hawaii8km_13_09_12,1596,1716
hawaii8km_13_09_13,1597,1717
hawaii8km_13_09_14,1598,1718
hawaii8km_13_09_15,1599,1719
hawaii8km_13_09_16,1600,1720
hawaii8km_13_09_17,1601,1721
hawaii8km_13_09_18,1602,1722
hawaii8km_13_09_19,1603,1723
hawaii8km_13_09_20,1604,1724
hawaii8km_13_09_21,1605,1725
hawaii8km_13_09_22,1606,1726
hawaii8km_13_09_23,1607,1727
hawaii8km_13_09_24,1608,1728
hawaii8km_13_09_25,1609,1729
hawaii8km_13_09_26,1610,1730
hawaii8km_13_09_27,1611,1731
hawaii8km_13_09_28,1612,1732
hawaii8km_13_09_29,1613,1733
hawaii8km_13_09_30,1614,1734
hawaii8km_13_10_01,1615,1735
hawaii8km_13_10_02,1616,1736
hawaii8km_13_10_03,1617,1737
hawaii8km_13_10_04,1618,1738
hawaii8km_13_10_05,1619,1739
hawaii8km_13_10_06,1620,1740
hawaii8km_13_10_07,1621,1741
hawaii8km_13_10_08,1622,1742
hawaii8km_13_10_09,1623,1743
hawaii8km_13_10_10,1624,1744
hawaii8km_13_10_11,1625,1745
hawaii8km_13_10_12,1626,1746
hawaii8km_13_10_13,1627,1747
hawaii8km_13_10_14,1628,1748
hawaii8km_13_10_15,1629,1749
hawaii8km_13_10_16,1630,1750
hawaii8km_13_10_17,1631,1751
hawaii8km_13_10_18,1632,1752
hawaii8km_13_10_19,1633,1753
hawaii8km_13_10_20,1634,1754
hawaii8km_13_10_21,1635,1755
hawaii8km_13_10_22,1636,1756
hawaii8km_13_10_23,1637,1757
hawaii8km_13_10_24,1638,1758
hawaii8km_13_10_25,1639,1759
hawaii8km_13_10_26,1640,1760
hawaii8km_13_10_27,1641,1761
hawaii8km_13_10_28,1642,1762
hawaii8km_13_10_29,1643,1763
hawaii8km_13_10_30,1644,1764
hawaii8km_13_10_31,1645,1765
hawaii8km_13_11_01,1646,1766
hawaii8km_13_11_02,1647,1767
hawaii8km_13_11_03,1648,1768
hawaii8km_13_11_04,1649,1769
hawaii8km_13_11_05,1650,1770
hawaii8km_13_11_06,1651,1771
hawaii8km_13_11_07,1652,1772
hawaii8km_13_11_08,1653,1773
hawaii8km_13_11_09,1654,1774
hawaii8km_13_11_10,1655,1775
hawaii8km_13_11_11,1656,1776
hawaii8km_13_11_12,1657,1777
hawaii8km_13_11_13,1658,1778
hawaii8km_13_11_14,1659,1779
hawaii8km_13_11_15,1660,1780
hawaii8km_13_11_16,1661,1781
hawaii8km_13_11_17,1662,1782
hawaii8km_13_11_18,1663,1783
hawaii8km_13_11_19,1664,1784
hawaii8km_13_11_20,1665,1785
hawaii8km_13_11_21,1666,1786
hawaii8km_13_11_22,1667,1787
hawaii8km_13_11_23,1668,1788
hawaii8km_13_11_24,1669,1789
hawaii8km_13_11_25,1670,1790
hawaii8km_13_11_26,1671,1791
hawaii8km_13_11_27,1672,1792
hawaii8km_13_11_28,1673,1793
hawaii8km_13_11_29,1674,1794
hawaii8km_13_11_30,1675,1795
hawaii8km_13_12_01,1676,1796
hawaii8km_13_12_02,1677,1797
hawaii8km_13_12_03,1678,1798
hawaii8km_13_12_04,1679,1799
hawaii8km_13_12_05,1680,1800
hawaii8km_13_12_06,1681,1801
hawaii8km_13_12_07,1682,1802
hawaii8km_13_12_08,1683,1803
hawaii8km_13_12_09,1684,1804
hawaii8km_13_12_10,1685,1805
hawaii8km_13_12_11,1686,1806
hawaii8km_13_12_12,1687,1807
hawaii8km_13_12_13,1688,1808
hawaii8km_13_12_14,1689,1809
hawaii8km_13_12_15,1690,1810
hawaii8km_13_12_16,1691,1811
hawaii8km_13_12_17,1692,1812
hawaii8km_13_12_18,1693,1813
hawaii8km_13_12_19,1694,1814
hawaii8km_13_12_20,1695,1815
hawaii8km_13_12_21,1696,1816
hawaii8km_13_12_22,1697,1817
hawaii8km_13_12_23,1698,1818
hawaii8km_13_12_24,1699,1819
hawaii8km_13_12_25,1700,1820
hawaii8km_13_12_26,1701,1821
hawaii8km_13_12_27,1702,1822
hawaii8km_13_12_28,1703,1823
hawaii8km_13_12_29,1704,1824
hawaii8km_13_12_30,1705,1825
hawaii8km_13_12_31,1706,1826
hawaii8km_14_01_01,1707,1827
hawaii8km_14_01_02,1708,1828
hawaii8km_14_01_03,1709,1829
hawaii8km_14_01_04,1710,1830
hawaii8km_14_01_05,1711,1831
hawaii8km_14_01_06,1712,1832
hawaii8km_14_01_07,1713,1833
hawaii8km_14_01_08,1714,1834
hawaii8km_14_01_09,1715,1835
hawaii8km_14_01_10,1716,1836
hawaii8km_14_01_11,1717,1837
hawaii8km_14_01_12,1718,1838
hawaii8km_14_01_13,1719,1839
hawaii8km_14_01_14,1720,1840
hawaii8km_14_01_15,1721,1841
hawaii8km_14_01_16,1722,1842
hawaii8km_14_01_17,1723,1843
hawaii8km_14_01_18,1724,1844
hawaii8km_14_01_19,1725,1845
hawaii8km_14_01_20,1726,1846
hawaii8km_14_01_21,1727,1847
hawaii8km_14_01_22,1728,1848
hawaii8km_14_01_23,1729,1849
hawaii8km_14_01_24,1730,1850
hawaii8km_14_01_25,1731,1851
hawaii8km_14_01_26,1732,1852
hawaii8km_14_01_27,1733,1853
hawaii8km_14_01_28,1734,1854
hawaii8km_14_01_29,1735,1855
hawaii8km_14_01_30,1736,1856
hawaii8km_14_01_31,1737,1857
hawaii8km_14_02_01,1738,1858
hawaii8km_14_02_02,1739,1859
hawaii8km_14_02_03,1740,1860
hawaii8km_14_02_04,1741,1861
hawaii8km_14_02_05,1742,1862
hawaii8km_14_02_06,1743,1863
hawaii8km_14_02_07,1744,1864
hawaii8km_14_02_08,1745,1865
hawaii8km_14_02_09,1746,1866
hawaii8km_14_02_10,1747,1867
hawaii8km_14_02_11,1748,1868
hawaii8km_14_02_12,1749,1869
hawaii8km_14_02_13,1750,1870
hawaii8km_14_02_14,1751,1871
hawaii8km_14_02_15,1752,1872
hawaii8km_14_02_16,1753,1873
hawaii8km_14_02_17,1754,1874
hawaii8km_14_02_18,1755,1875
hawaii8km_14_02_19,1756,1876
hawaii8km_14_02_20,1757,1877
hawaii8km_14_02_21,1758,1878
hawaii8km_14_02_22,1759,1879
hawaii8km_14_02_23,1760,1880
hawaii8km_14_02_24,1761,1881
hawaii8km_14_02_25,1762,1882
hawaii8km_14_02_26,1763,1883
hawaii8km_14_02_27,1764,1884
hawaii8km_14_02_28,1765,1885
hawaii8km_14_03_01,1766,1886
hawaii8km_14_03_02,1767,1887
hawaii8km_14_03_03,1768,1888
hawaii8km_14_03_04,1769,1889
hawaii8km_14_03_05,1770,1890
hawaii8km_14_03_06,1771,1891
hawaii8km_14_03_07,1772,1892
hawaii8km_14_03_08,1773,1893
hawaii8km_14_03_09,1774,1894
hawaii8km_14_03_10,1775,1895
hawaii8km_14_03_11,1776,1896
hawaii8km_14_03_12,1777,1897
hawaii8km_14_03_13,1778,1898
hawaii8km_14_03_14,1779,1899
hawaii8km_14_03_15,1780,1900
hawaii8km_14_03_16,1781,1901
hawaii8km_14_03_17,1782,1902
hawaii8km_14_03_18,1783,1903
hawaii8km_14_03_19,1784,1904
hawaii8km_14_03_20,1785,1905
hawaii8km_14_03_21,1786,1906
hawaii8km_14_03_22,1787,1907
hawaii8km_14_03_23,1788,1908
hawaii8km_14_03_24,1789,1909
hawaii8km_14_03_25,1790,1910
hawaii8km_14_03_26,1791,1911
hawaii8km_14_03_27,1792,1912
hawaii8km_14_03_28,1793,1913
hawaii8km_14_03_29,1794,1914
hawaii8km_14_03_30,1795,1915
hawaii8km_14_03_31,1796,1916
hawaii8km_14_04_01,1797,1917
hawaii8km_14_04_02,1798,1918
hawaii8km_14_04_03,1799,1919
hawaii8km_14_04_04,1800,1920
hawaii8km_14_04_05,1801,1921
hawaii8km_14_04_06,1802,1922
hawaii8km_14_04_07,1803,1923
hawaii8km_14_04_08,1804,1924
hawaii8km_14_04_09,1805,1925
hawaii8km_14_04_10,1806,1926
hawaii8km_14_04_11,1807,1927
hawaii8km_14_04_12,1808,1928
hawaii8km_14_04_13,1809,1929
hawaii8km_14_04_14,1810,1930
hawaii8km_14_04_15,1811,1931
hawaii8km_14_04_16,1812,1932
hawaii8km_14_04_17,1813,1933
hawaii8km_14_04_18,1814,1934
hawaii8km_14_04_19,1815,1935
hawaii8km_14_04_20,1816,1936
hawaii8km_14_04_21,1817,1937
hawaii8km_14_04_22,1818,1938
hawaii8km_14_04_23,1819,1939
hawaii8km_14_04_24,1820,1940
hawaii8km_14_04_25,1821,1941
hawaii8km_14_04_26,1822,1942
hawaii8km_14_04_27,1823,1943
hawaii8km_14_04_28,1824,1944
hawaii8km_14_04_29,1825,1945
hawaii8km_14_04_30,1826,1946
hawaii8km_14_05_01,1827,1947
hawaii8km_14_05_02,1828,1948
hawaii8km_14_05_03,1829,1949
hawaii8km_14_05_04,1830,1950
hawaii8km_14_05_05,1831,1951
hawaii8km_14_05_06,1832,1952
hawaii8km_14_05_07,1833,1953
hawaii8km_14_05_08,1834,1954
hawaii8km_14_05_09,1835,1955
hawaii8km_14_05_10,1836,1956
hawaii8km_14_05_11,1837,1957
hawaii8km_14_05_12,1838,1958
hawaii8km_14_05_13,1839,1959
hawaii8km_14_05_14,1840,1960
hawaii8km_14_05_15,1841,1961
hawaii8km_14_05_16,1842,1962
hawaii8km_14_05_17,1843,1963
hawaii8km_14_05_18,1844,1964
hawaii8km_14_05_19,1845,1965
hawaii8km_14_05_20,1846,1966
hawaii8km_14_05_21,1847,1967
hawaii8km_14_05_22,1848,1968
hawaii8km_14_05_23,1849,1969
hawaii8km_14_05_24,1850,1970
hawaii8km_14_05_25,1851,1971
hawaii8km_14_05_26,1852,1972
hawaii8km_14_05_27,1853,1973
hawaii8km_14_05_28,1854,1974
hawaii8km_14_05_29,1855,1975
hawaii8km_14_05_30,1856,1976
hawaii8km_14_05_31,1857,1977
hawaii8km_14_06_01,1858,1978
hawaii8km_14_06_02,1859,1979
hawaii8km_14_06_03,1860,1980
hawaii8km_14_06_04,1861,1981
hawaii8km_14_06_05,1862,1982
hawaii8km_14_06_06,1863,1983
hawaii8km_14_06_07,1864,1984
hawaii8km_14_06_08,1865,1985
hawaii8km_14_06_09,1866,1986
hawaii8km_14_06_10,1867,1987
hawaii8km_14_06_11,1868,1988
hawaii8km_14_06_12,1869,1989
hawaii8km_14_06_13,1870,1990
hawaii8km_14_06_14,1871,1991
hawaii8km_14_06_15,1872,1992
hawaii8km_14_06_16,1873,1993
hawaii8km_14_06_17,1874,1994
hawaii8km_14_06_18,1875,1995
hawaii8km_14_06_19,1876,1996
hawaii8km_14_06_20,1877,1997
hawaii8km_14_06_21,1878,1998
hawaii8km_14_06_22,1879,1999
hawaii8km_14_06_23,1880,2000
hawaii8km_14_06_24,1881,2001
hawaii8km_14_06_25,1882,2002
hawaii8km_14_06_26,1883,2003
hawaii8km_14_06_27,1884,2004
hawaii8km_14_06_28,1885,2005
hawaii8km_14_06_29,1886,2006
hawaii8km_14_06_30,1887,2007
hawaii8km_14_07_01,1888,2008
hawaii8km_14_07_02,1889,2009
hawaii8km_14_07_03,1890,2010
hawaii8km_14_07_04,1891,2011
hawaii8km_14_07_05,1892,2012
hawaii8km_14_07_06,1893,2013
hawaii8km_14_07_07,1894,2014
hawaii8km_14_07_08,1895,2015
hawaii8km_14_07_09,1896,2016
hawaii8km_14_07_10,1897,2017
hawaii8km_14_07_11,1898,2018
hawaii8km_14_07_12,1899,2019
hawaii8km_14_07_13,1900,2020
hawaii8km_14_07_14,1901,2021
hawaii8km_14_07_15,1902,2022
hawaii8km_14_07_16,1903,2023
hawaii8km_14_07_17,1904,2024
hawaii8km_14_07_18,1905,2025
hawaii8km_14_07_19,1906,2026
hawaii8km_14_07_20,1907,2027
hawaii8km_14_07_21,1908,2028
hawaii8km_14_07_22,1909,2029
hawaii8km_14_07_23,1910,2030
hawaii8km_14_07_24,1911,2031
hawaii8km_14_07_25,1912,2032
hawaii8km_14_07_26,1913,2033
hawaii8km_14_07_27,1914,2034
hawaii8km_14_07_28,1915,2035
hawaii8km_14_07_29,1916,2036
hawaii8km_14_07_30,1917,2037
hawaii8km_14_07_31,1918,2038
hawaii8km_14_08_01,1919,2039
hawaii8km_14_08_02,1920,2040
hawaii8km_14_08_03,1921,2041
hawaii8km_14_08_04,1922,2042
hawaii8km_14_08_05,1923,2043
hawaii8km_14_08_06,1924,2044
hawaii8km_14_08_07,1925,2045
hawaii8km_14_08_08,1926,2046
hawaii8km_14_08_09,1927,2047
hawaii8km_14_08_10,1928,2048
hawaii8km_14_08_11,1929,2049
hawaii8km_14_08_12,1930,2050
hawaii8km_14_08_13,1931,2051
hawaii8km_14_08_14,1932,2052
hawaii8km_14_08_15,1933,2053
hawaii8km_14_08_16,1934,2054
hawaii8km_14_08_17,1935,2055
hawaii8km_14_08_18,1936,2056
hawaii8km_14_08_19,1937,2057
hawaii8km_14_08_20,1938,2058
hawaii8km_14_08_21,1939,2059
hawaii8km_14_08_22,1940,2060
hawaii8km_14_08_23,1941,2061
hawaii8km_14_08_24,1942,2062
hawaii8km_14_08_25,1943,2063
hawaii8km_14_08_26,1944,2064
hawaii8km_14_08_27,1945,2065
hawaii8km_14_08_28,1946,2066
hawaii8km_14_08_29,1947,2067
hawaii8km_14_08_30,1948,2068
hawaii8km_14_08_31,1949,2069
hawaii8km_14_09_01,1950,2070
hawaii8km_14_09_02,1951,2071
hawaii8km_14_09_03,1952,2072
hawaii8km_14_09_04,1953,2073
hawaii8km_14_09_05,1954,2074
hawaii8km_14_09_06,1955,2075
hawaii8km_14_09_07,1956,2076
hawaii8km_14_09_08,1957,2077
hawaii8km_14_09_09,1958,2078
hawaii8km_14_09_10,1959,2079
hawaii8km_14_09_11,1960,2080
hawaii8km_14_09_12,1961,2081
hawaii8km_14_09_13,1962,2082
hawaii8km_14_09_14,1963,2083
hawaii8km_14_09_15,1964,2084
hawaii8km_14_09_16,1965,2085
hawaii8km_14_09_17,1966,2086
hawaii8km_14_09_18,1967,2087
hawaii8km_14_09_19,1968,2088
hawaii8km_14_09_20,1969,2089
hawaii8km_14_09_21,1970,2090
hawaii8km_14_09_22,1971,2091
hawaii8km_14_09_23,1972,2092
hawaii8km_14_09_24,1973,2093
hawaii8km_14_09_25,1974,2094
hawaii8km_14_09_26,1975,2095
hawaii8km_14_09_27,1976,2096
hawaii8km_14_09_28,1977,2097
hawaii8km_14_09_29,1978,2098
hawaii8km_14_09_30,1979,2099
hawaii8km_14_10_01,1980,2100
hawaii8km_14_10_02,1981,2101
hawaii8km_14_10_03,1982,2102
hawaii8km_14_10_04,1983,2103
hawaii8km_14_10_05,1984,2104
hawaii8km_14_10_06,1985,2105
hawaii8km_14_10_07,1986,2106
hawaii8km_14_10_08,1987,2107
hawaii8km_14_10_09,1988,2108
hawaii8km_14_10_10,1989,2109
hawaii8km_14_10_11,1990,2110
hawaii8km_14_10_12,1991,2111
hawaii8km_14_10_13,1992,2112
hawaii8km_14_10_14,1993,2113
hawaii8km_14_10_15,1994,2114
hawaii8km_14_10_16,1995,2115
hawaii8km_14_10_17,1996,2116
hawaii8km_14_10_18,1997,2117
hawaii8km_14_10_19,1998,2118
hawaii8km_14_10_20,1999,2119
hawaii8km_14_10_21,2000,2120
hawaii8km_14_10_22,2001,2121
hawaii8km_14_10_23,2002,2122
